{
  "model": "ARIMA(5,1,0)",
  "wyniki": {
    "SP500": {
      "MAPE": 0.6822,
      "RMSE": 59.227328,
      "MAE": 40.007869,
      "czas_s": 56.44
    },
    "WIG20": {
      "MAPE": 1.0166,
      "RMSE": 35.124494,
      "MAE": 26.455194,
      "czas_s": 160.23
    },
    "EURUSD": {
      "MAPE": 0.3322,
      "RMSE": 0.005067,
      "MAE": 0.00368,
      "czas_s": 120.02
    },
    "BTCUSD": {
      "MAPE": 1.6422,
      "RMSE": 2190.619508,
      "MAE": 1597.469678,
      "czas_s": 40.5
    }
  }
}