{
  "model": "TCN(channels=[32,32,32], kernel=3)",
  "wyniki": {
    "SP500": {
      "MAPE": 4.4534,
      "RMSE": 291.318115,
      "MAE": 273.913868,
      "czas_s": 90.63
    },
    "WIG20": {
      "MAPE": 1.6325,
      "RMSE": 55.763759,
      "MAE": 44.559132,
      "czas_s": 98.96
    },
    "EURUSD": {
      "MAPE": 0.3743,
      "RMSE": 0.005455,
      "MAE": 0.00414,
      "czas_s": 37.0
    },
    "BTCUSD": {
      "MAPE": 16.3875,
      "RMSE": 17316.407676,
      "MAE": 16800.618238,
      "czas_s": 13.79
    }
  }
}